timestamp,equity,window
2026-07-21 12:00:00+00:00,1000.0,wf1_oos
2026-07-21 12:05:00+00:00,1000.0,wf1_oos
2026-07-21 12:10:00+00:00,1000.0,wf1_oos
2026-07-21 12:15:00+00:00,1000.0,wf1_oos
2026-07-21 12:20:00+00:00,1000.0,wf1_oos
2026-07-21 12:25:00+00:00,1000.0,wf1_oos
2026-07-21 12:30:00+00:00,1000.0,wf1_oos
2026-07-21 12:35:00+00:00,1000.0,wf1_oos
2026-07-21 12:40:00+00:00,1000.0,wf1_oos
2026-07-21 12:45:00+00:00,1000.0,wf1_oos
2026-07-21 12:50:00+00:00,1000.0,wf1_oos
2026-07-21 12:55:00+00:00,1000.0,wf1_oos
2026-07-21 13:00:00+00:00,1000.0,wf1_oos
2026-07-21 13:05:00+00:00,1000.0,wf1_oos
2026-07-21 13:10:00+00:00,1000.0,wf1_oos
2026-07-21 13:15:00+00:00,1000.0,wf1_oos
2026-07-21 13:20:00+00:00,1000.0,wf1_oos
2026-07-21 13:25:00+00:00,1000.0,wf1_oos
2026-07-21 13:30:00+00:00,1000.0,wf1_oos
2026-07-21 13:35:00+00:00,1000.0,wf1_oos
2026-07-21 13:40:00+00:00,1000.0,wf1_oos
2026-07-21 13:45:00+00:00,1000.0,wf1_oos
2026-07-21 13:50:00+00:00,1000.0,wf1_oos
2026-07-21 13:55:00+00:00,1000.0,wf1_oos
2026-07-21 14:00:00+00:00,1000.0,wf1_oos
2026-07-21 14:05:00+00:00,999.5676687244384,wf1_oos
2026-07-21 14:10:00+00:00,1000.0185636680633,wf1_oos
2026-07-21 14:15:00+00:00,999.7180293465476,wf1_oos
2026-07-21 14:20:00+00:00,998.8367258480156,wf1_oos
2026-07-21 14:25:00+00:00,998.8367258480156,wf1_oos
2026-07-21 14:30:00+00:00,998.8367258480156,wf1_oos
2026-07-21 14:35:00+00:00,998.8367258480156,wf1_oos
2026-07-21 14:40:00+00:00,998.8367258480156,wf1_oos
2026-07-21 14:45:00+00:00,998.8367258480156,wf1_oos
2026-07-21 14:50:00+00:00,998.8367258480156,wf1_oos
2026-07-21 14:55:00+00:00,998.8367258480156,wf1_oos
2026-07-21 15:00:00+00:00,998.8367258480156,wf1_oos
2026-07-21 15:05:00+00:00,998.8367258480156,wf1_oos
2026-07-21 15:10:00+00:00,998.8367258480156,wf1_oos
2026-07-21 15:15:00+00:00,998.8367258480156,wf1_oos
2026-07-21 15:20:00+00:00,998.8367258480156,wf1_oos
2026-07-21 15:25:00+00:00,998.8367258480156,wf1_oos
2026-07-21 15:30:00+00:00,998.8367258480156,wf1_oos
2026-07-21 15:35:00+00:00,998.8367258480156,wf1_oos
2026-07-21 15:40:00+00:00,998.8367258480156,wf1_oos
2026-07-21 15:45:00+00:00,998.8367258480156,wf1_oos
2026-07-21 15:50:00+00:00,998.8367258480156,wf1_oos
2026-07-21 15:55:00+00:00,998.8367258480156,wf1_oos
2026-07-21 16:00:00+00:00,998.8367258480156,wf1_oos
2026-07-21 16:05:00+00:00,998.8367258480156,wf1_oos
2026-07-21 16:10:00+00:00,998.8367258480156,wf1_oos
2026-07-21 16:15:00+00:00,998.8367258480156,wf1_oos
2026-07-21 16:20:00+00:00,998.8367258480156,wf1_oos
2026-07-21 16:25:00+00:00,998.8367258480156,wf1_oos
2026-07-21 16:30:00+00:00,998.8367258480156,wf1_oos
2026-07-21 16:35:00+00:00,998.8367258480156,wf1_oos
2026-07-21 16:40:00+00:00,998.8367258480156,wf1_oos
2026-07-21 16:45:00+00:00,998.8367258480156,wf1_oos
2026-07-21 16:50:00+00:00,998.8367258480156,wf1_oos
2026-07-21 16:55:00+00:00,998.8367258480156,wf1_oos
2026-07-21 17:00:00+00:00,998.8367258480156,wf1_oos
2026-07-21 17:05:00+00:00,998.8367258480156,wf1_oos
2026-07-21 17:10:00+00:00,998.8367258480156,wf1_oos
2026-07-21 17:15:00+00:00,998.8367258480156,wf1_oos
2026-07-21 17:20:00+00:00,998.8367258480156,wf1_oos
2026-07-21 17:25:00+00:00,998.8367258480156,wf1_oos
2026-07-21 17:30:00+00:00,998.8367258480156,wf1_oos
2026-07-21 17:35:00+00:00,998.8367258480156,wf1_oos
2026-07-21 17:40:00+00:00,998.8367258480156,wf1_oos
2026-07-21 17:45:00+00:00,998.8367258480156,wf1_oos
2026-07-21 17:50:00+00:00,998.8367258480156,wf1_oos
2026-07-21 17:55:00+00:00,998.8367258480156,wf1_oos
2026-07-21 18:00:00+00:00,998.8367258480156,wf1_oos
2026-07-21 18:05:00+00:00,998.8367258480156,wf1_oos
2026-07-21 18:10:00+00:00,998.8367258480156,wf1_oos
2026-07-21 18:15:00+00:00,998.8367258480156,wf1_oos
2026-07-21 18:20:00+00:00,998.8367258480156,wf1_oos
2026-07-21 18:25:00+00:00,998.8367258480156,wf1_oos
2026-07-21 18:30:00+00:00,998.8367258480156,wf1_oos
2026-07-21 18:35:00+00:00,998.8367258480156,wf1_oos
2026-07-21 18:40:00+00:00,998.8367258480156,wf1_oos
2026-07-21 18:45:00+00:00,998.8367258480156,wf1_oos
2026-07-21 18:50:00+00:00,998.8367258480156,wf1_oos
2026-07-21 18:55:00+00:00,998.8367258480156,wf1_oos
2026-07-21 19:00:00+00:00,998.8367258480156,wf1_oos
2026-07-21 19:05:00+00:00,998.8367258480156,wf1_oos
2026-07-21 19:10:00+00:00,998.8367258480156,wf1_oos
2026-07-21 19:15:00+00:00,998.8367258480156,wf1_oos
2026-07-21 19:20:00+00:00,998.8367258480156,wf1_oos
2026-07-21 19:25:00+00:00,998.8367258480156,wf1_oos
2026-07-21 19:30:00+00:00,998.8367258480156,wf1_oos
2026-07-21 19:35:00+00:00,998.8367258480156,wf1_oos
2026-07-21 19:40:00+00:00,998.8367258480156,wf1_oos
2026-07-21 19:45:00+00:00,998.8367258480156,wf1_oos
2026-07-21 19:50:00+00:00,998.8367258480156,wf1_oos
2026-07-21 19:55:00+00:00,998.8367258480156,wf1_oos
2026-07-21 20:00:00+00:00,998.8367258480156,wf1_oos
2026-07-21 20:05:00+00:00,998.8367258480156,wf1_oos
2026-07-21 20:10:00+00:00,998.8367258480156,wf1_oos
2026-07-21 20:15:00+00:00,998.8367258480156,wf1_oos
2026-07-21 20:20:00+00:00,998.8367258480156,wf1_oos
2026-07-21 20:25:00+00:00,998.8367258480156,wf1_oos
2026-07-21 20:30:00+00:00,998.8367258480156,wf1_oos
2026-07-21 20:35:00+00:00,998.8367258480156,wf1_oos
2026-07-21 20:40:00+00:00,998.8367258480156,wf1_oos
2026-07-21 20:45:00+00:00,998.8367258480156,wf1_oos
2026-07-21 20:50:00+00:00,998.8367258480156,wf1_oos
2026-07-21 20:55:00+00:00,998.8367258480156,wf1_oos
2026-07-21 21:00:00+00:00,998.8367258480156,wf1_oos
2026-07-21 21:05:00+00:00,998.8367258480156,wf1_oos
2026-07-21 21:10:00+00:00,998.8367258480156,wf1_oos
2026-07-21 21:15:00+00:00,998.8367258480156,wf1_oos
2026-07-21 21:20:00+00:00,998.8367258480156,wf1_oos
2026-07-21 21:25:00+00:00,998.8367258480156,wf1_oos
2026-07-21 21:30:00+00:00,998.8367258480156,wf1_oos
2026-07-21 21:35:00+00:00,998.8367258480156,wf1_oos
2026-07-21 21:40:00+00:00,998.8367258480156,wf1_oos
2026-07-21 21:45:00+00:00,998.8367258480156,wf1_oos
2026-07-21 21:50:00+00:00,998.8367258480156,wf1_oos
2026-07-21 21:55:00+00:00,998.8367258480156,wf1_oos
2026-07-21 22:00:00+00:00,998.8367258480156,wf1_oos
2026-07-21 22:05:00+00:00,998.8367258480156,wf1_oos
2026-07-21 22:10:00+00:00,998.8367258480156,wf1_oos
2026-07-21 22:15:00+00:00,998.8367258480156,wf1_oos
2026-07-21 22:20:00+00:00,998.8367258480156,wf1_oos
2026-07-21 22:25:00+00:00,998.8367258480156,wf1_oos
2026-07-21 22:30:00+00:00,998.8367258480156,wf1_oos
2026-07-21 22:35:00+00:00,998.8367258480156,wf1_oos
2026-07-21 22:40:00+00:00,998.8367258480156,wf1_oos
2026-07-21 22:45:00+00:00,998.8367258480156,wf1_oos
2026-07-21 22:50:00+00:00,998.8367258480156,wf1_oos
2026-07-21 22:55:00+00:00,998.8367258480156,wf1_oos
2026-07-21 23:00:00+00:00,998.8367258480156,wf1_oos
2026-07-21 23:05:00+00:00,998.8367258480156,wf1_oos
2026-07-21 23:10:00+00:00,998.8367258480156,wf1_oos
2026-07-21 23:15:00+00:00,998.8367258480156,wf1_oos
2026-07-21 23:20:00+00:00,998.8367258480156,wf1_oos
2026-07-21 23:25:00+00:00,998.8367258480156,wf1_oos
2026-07-21 23:30:00+00:00,998.8367258480156,wf1_oos
2026-07-21 23:35:00+00:00,998.8367258480156,wf1_oos
2026-07-21 23:40:00+00:00,998.8367258480156,wf1_oos
2026-07-21 23:45:00+00:00,998.8367258480156,wf1_oos
2026-07-21 23:50:00+00:00,998.8367258480156,wf1_oos
2026-07-21 23:55:00+00:00,998.8367258480156,wf1_oos
2026-07-22 00:00:00+00:00,998.8367258480156,wf1_oos
2026-07-22 00:05:00+00:00,998.8367258480156,wf1_oos
2026-07-22 00:10:00+00:00,998.8367258480156,wf1_oos
2026-07-22 00:15:00+00:00,998.8367258480156,wf1_oos
2026-07-22 00:20:00+00:00,998.8367258480156,wf1_oos
2026-07-22 00:25:00+00:00,998.8367258480156,wf1_oos
2026-07-22 00:30:00+00:00,998.8367258480156,wf1_oos
2026-07-22 00:35:00+00:00,998.8367258480156,wf1_oos
2026-07-22 00:40:00+00:00,998.8367258480156,wf1_oos
2026-07-22 00:45:00+00:00,998.8367258480156,wf1_oos
2026-07-22 00:50:00+00:00,998.8367258480156,wf1_oos
2026-07-22 00:55:00+00:00,998.8367258480156,wf1_oos
2026-07-22 01:00:00+00:00,998.8367258480156,wf1_oos
2026-07-22 01:05:00+00:00,998.8367258480156,wf1_oos
2026-07-22 01:10:00+00:00,998.8367258480156,wf1_oos
2026-07-22 01:15:00+00:00,998.8367258480156,wf1_oos
2026-07-22 01:20:00+00:00,998.8367258480156,wf1_oos
2026-07-22 01:25:00+00:00,998.8367258480156,wf1_oos
2026-07-22 01:30:00+00:00,998.8367258480156,wf1_oos
2026-07-22 01:35:00+00:00,998.8367258480156,wf1_oos
2026-07-22 01:40:00+00:00,998.8367258480156,wf1_oos
2026-07-22 01:45:00+00:00,998.8367258480156,wf1_oos
2026-07-22 01:50:00+00:00,998.8367258480156,wf1_oos
2026-07-22 01:55:00+00:00,998.8367258480156,wf1_oos
2026-07-22 02:00:00+00:00,998.8367258480156,wf1_oos
2026-07-22 02:05:00+00:00,998.8367258480156,wf1_oos
2026-07-22 02:10:00+00:00,998.8367258480156,wf1_oos
2026-07-22 02:15:00+00:00,998.8367258480156,wf1_oos
2026-07-22 02:20:00+00:00,998.8367258480156,wf1_oos
2026-07-22 02:25:00+00:00,998.8367258480156,wf1_oos
2026-07-22 02:30:00+00:00,998.8367258480156,wf1_oos
2026-07-22 02:35:00+00:00,998.8367258480156,wf1_oos
2026-07-22 02:40:00+00:00,998.8367258480156,wf1_oos
2026-07-22 02:45:00+00:00,998.8367258480156,wf1_oos
2026-07-22 02:50:00+00:00,998.8367258480156,wf1_oos
2026-07-22 02:55:00+00:00,998.8367258480156,wf1_oos
2026-07-22 03:00:00+00:00,998.8367258480156,wf1_oos
2026-07-22 03:05:00+00:00,998.8367258480156,wf1_oos
2026-07-22 03:10:00+00:00,998.8367258480156,wf1_oos
2026-07-22 03:15:00+00:00,998.8367258480156,wf1_oos
2026-07-22 03:20:00+00:00,998.8367258480156,wf1_oos
2026-07-22 03:25:00+00:00,998.8367258480156,wf1_oos
2026-07-22 03:30:00+00:00,998.8367258480156,wf1_oos
2026-07-22 03:35:00+00:00,998.8367258480156,wf1_oos
2026-07-22 03:40:00+00:00,998.8367258480156,wf1_oos
2026-07-22 03:45:00+00:00,998.8367258480156,wf1_oos
2026-07-22 03:50:00+00:00,998.8367258480156,wf1_oos
2026-07-22 03:55:00+00:00,998.8367258480156,wf1_oos
2026-07-22 04:00:00+00:00,998.8367258480156,wf1_oos
2026-07-22 04:05:00+00:00,998.8367258480156,wf1_oos
2026-07-22 04:10:00+00:00,998.8367258480156,wf1_oos
2026-07-22 04:15:00+00:00,998.8367258480156,wf1_oos
2026-07-22 04:20:00+00:00,998.8367258480156,wf1_oos
2026-07-22 04:25:00+00:00,998.8367258480156,wf1_oos
2026-07-22 04:30:00+00:00,998.8367258480156,wf1_oos
2026-07-22 04:35:00+00:00,998.8367258480156,wf1_oos
2026-07-22 04:40:00+00:00,998.8367258480156,wf1_oos
2026-07-22 04:45:00+00:00,998.8367258480156,wf2_oos
2026-07-22 04:50:00+00:00,998.8367258480156,wf2_oos
2026-07-22 04:55:00+00:00,998.8367258480156,wf2_oos
2026-07-22 05:00:00+00:00,998.8367258480156,wf2_oos
2026-07-22 05:05:00+00:00,998.8367258480156,wf2_oos
2026-07-22 05:10:00+00:00,998.8367258480156,wf2_oos
2026-07-22 05:15:00+00:00,998.8367258480156,wf2_oos
2026-07-22 05:20:00+00:00,998.8367258480156,wf2_oos
2026-07-22 05:25:00+00:00,998.8367258480156,wf2_oos
2026-07-22 05:30:00+00:00,998.8367258480156,wf2_oos
2026-07-22 05:35:00+00:00,998.8367258480156,wf2_oos
2026-07-22 05:40:00+00:00,998.8367258480156,wf2_oos
2026-07-22 05:45:00+00:00,998.8367258480156,wf2_oos
2026-07-22 05:50:00+00:00,998.8367258480156,wf2_oos
2026-07-22 05:55:00+00:00,998.8367258480156,wf2_oos
2026-07-22 06:00:00+00:00,998.8367258480156,wf2_oos
2026-07-22 06:05:00+00:00,998.8367258480156,wf2_oos
2026-07-22 06:10:00+00:00,998.8367258480156,wf2_oos
2026-07-22 06:15:00+00:00,998.8367258480156,wf2_oos
2026-07-22 06:20:00+00:00,998.8367258480156,wf2_oos
2026-07-22 06:25:00+00:00,998.8367258480156,wf2_oos
2026-07-22 06:30:00+00:00,998.8367258480156,wf2_oos
2026-07-22 06:35:00+00:00,998.8367258480156,wf2_oos
2026-07-22 06:40:00+00:00,998.8367258480156,wf2_oos
2026-07-22 06:45:00+00:00,998.8367258480156,wf2_oos
2026-07-22 06:50:00+00:00,998.8367258480156,wf2_oos
2026-07-22 06:55:00+00:00,998.8367258480156,wf2_oos
2026-07-22 07:00:00+00:00,998.8367258480156,wf2_oos
2026-07-22 07:05:00+00:00,998.8367258480156,wf2_oos
2026-07-22 07:10:00+00:00,998.8367258480156,wf2_oos
2026-07-22 07:15:00+00:00,998.8367258480156,wf2_oos
2026-07-22 07:20:00+00:00,998.8367258480156,wf2_oos
2026-07-22 07:25:00+00:00,998.8367258480156,wf2_oos
2026-07-22 07:30:00+00:00,998.8367258480156,wf2_oos
2026-07-22 07:35:00+00:00,998.8367258480156,wf2_oos
2026-07-22 07:40:00+00:00,998.8367258480156,wf2_oos
2026-07-22 07:45:00+00:00,998.8367258480156,wf2_oos
2026-07-22 07:50:00+00:00,998.8367258480156,wf2_oos
2026-07-22 07:55:00+00:00,998.8367258480156,wf2_oos
2026-07-22 08:00:00+00:00,998.8367258480156,wf2_oos
2026-07-22 08:05:00+00:00,998.8367258480156,wf2_oos
2026-07-22 08:10:00+00:00,998.8367258480156,wf2_oos
2026-07-22 08:15:00+00:00,998.8367258480156,wf2_oos
2026-07-22 08:20:00+00:00,998.8367258480156,wf2_oos
2026-07-22 08:25:00+00:00,998.8367258480156,wf2_oos
2026-07-22 08:30:00+00:00,998.8367258480156,wf2_oos
2026-07-22 08:35:00+00:00,998.8367258480156,wf2_oos
2026-07-22 08:40:00+00:00,998.8367258480156,wf2_oos
2026-07-22 08:45:00+00:00,998.8367258480156,wf2_oos
2026-07-22 08:50:00+00:00,998.8367258480156,wf2_oos
2026-07-22 08:55:00+00:00,998.8367258480156,wf2_oos
2026-07-22 09:00:00+00:00,998.8367258480156,wf2_oos
2026-07-22 09:05:00+00:00,998.8367258480156,wf2_oos
2026-07-22 09:10:00+00:00,998.8367258480156,wf2_oos
2026-07-22 09:15:00+00:00,998.8367258480156,wf2_oos
2026-07-22 09:20:00+00:00,998.8367258480156,wf2_oos
2026-07-22 09:25:00+00:00,998.8367258480156,wf2_oos
2026-07-22 09:30:00+00:00,998.8367258480156,wf2_oos
2026-07-22 09:35:00+00:00,998.8367258480156,wf2_oos
2026-07-22 09:40:00+00:00,998.8367258480156,wf2_oos
2026-07-22 09:45:00+00:00,998.8367258480156,wf2_oos
2026-07-22 09:50:00+00:00,998.8367258480156,wf2_oos
2026-07-22 09:55:00+00:00,998.8367258480156,wf2_oos
2026-07-22 10:00:00+00:00,998.8367258480156,wf2_oos
2026-07-22 10:05:00+00:00,998.8367258480156,wf2_oos
2026-07-22 10:10:00+00:00,998.8367258480156,wf2_oos
2026-07-22 10:15:00+00:00,998.8367258480156,wf2_oos
2026-07-22 10:20:00+00:00,998.8367258480156,wf2_oos
2026-07-22 10:25:00+00:00,998.8367258480156,wf2_oos
2026-07-22 10:30:00+00:00,998.8367258480156,wf2_oos
2026-07-22 10:35:00+00:00,998.8367258480156,wf2_oos
2026-07-22 10:40:00+00:00,998.8367258480156,wf2_oos
2026-07-22 10:45:00+00:00,998.8367258480156,wf2_oos
2026-07-22 10:50:00+00:00,998.8367258480156,wf2_oos
2026-07-22 10:55:00+00:00,998.8367258480156,wf2_oos
2026-07-22 11:00:00+00:00,998.8367258480156,wf2_oos
2026-07-22 11:05:00+00:00,998.8367258480156,wf2_oos
2026-07-22 11:10:00+00:00,998.8367258480156,wf2_oos
2026-07-22 11:15:00+00:00,998.8367258480156,wf2_oos
2026-07-22 11:20:00+00:00,998.8367258480156,wf2_oos
2026-07-22 11:25:00+00:00,998.8367258480156,wf2_oos
2026-07-22 11:30:00+00:00,998.8367258480156,wf2_oos
2026-07-22 11:35:00+00:00,998.8367258480156,wf2_oos
2026-07-22 11:40:00+00:00,998.8367258480156,wf2_oos
2026-07-22 11:45:00+00:00,998.8367258480156,wf2_oos
2026-07-22 11:50:00+00:00,998.8367258480156,wf2_oos
2026-07-22 11:55:00+00:00,998.8367258480156,wf2_oos
2026-07-22 12:00:00+00:00,998.8367258480156,wf2_oos
2026-07-22 12:05:00+00:00,998.8367258480156,wf2_oos
2026-07-22 12:10:00+00:00,998.8367258480156,wf2_oos
2026-07-22 12:15:00+00:00,998.8367258480156,wf2_oos
2026-07-22 12:20:00+00:00,998.8367258480156,wf2_oos
2026-07-22 12:25:00+00:00,998.8367258480156,wf2_oos
2026-07-22 12:30:00+00:00,998.8367258480156,wf2_oos
2026-07-22 12:35:00+00:00,998.8367258480156,wf2_oos
2026-07-22 12:40:00+00:00,998.8367258480156,wf2_oos
2026-07-22 12:45:00+00:00,998.8367258480156,wf2_oos
2026-07-22 12:50:00+00:00,998.8367258480156,wf2_oos
2026-07-22 12:55:00+00:00,998.8367258480156,wf2_oos
2026-07-22 13:00:00+00:00,998.8367258480156,wf2_oos
2026-07-22 13:05:00+00:00,998.8367258480156,wf2_oos
2026-07-22 13:10:00+00:00,998.8367258480156,wf2_oos
2026-07-22 13:15:00+00:00,998.8367258480156,wf2_oos
2026-07-22 13:20:00+00:00,998.8367258480156,wf2_oos
2026-07-22 13:25:00+00:00,998.8367258480156,wf2_oos
2026-07-22 13:30:00+00:00,998.8367258480156,wf2_oos
2026-07-22 13:35:00+00:00,998.8367258480156,wf2_oos
2026-07-22 13:40:00+00:00,998.8367258480156,wf2_oos
2026-07-22 13:45:00+00:00,998.8367258480156,wf2_oos
2026-07-22 13:50:00+00:00,998.8367258480156,wf2_oos
2026-07-22 13:55:00+00:00,998.8367258480156,wf2_oos
2026-07-22 14:00:00+00:00,998.8367258480156,wf2_oos
2026-07-22 14:05:00+00:00,998.8367258480156,wf2_oos
2026-07-22 14:10:00+00:00,998.8367258480156,wf2_oos
2026-07-22 14:15:00+00:00,998.8367258480156,wf2_oos
2026-07-22 14:20:00+00:00,998.8367258480156,wf2_oos
2026-07-22 14:25:00+00:00,998.8367258480156,wf2_oos
2026-07-22 14:30:00+00:00,998.8367258480156,wf2_oos
2026-07-22 14:35:00+00:00,998.8367258480156,wf2_oos
2026-07-22 14:40:00+00:00,998.8367258480156,wf2_oos
2026-07-22 14:45:00+00:00,998.8367258480156,wf2_oos
2026-07-22 14:50:00+00:00,998.8367258480156,wf2_oos
2026-07-22 14:55:00+00:00,998.8367258480156,wf2_oos
2026-07-22 15:00:00+00:00,998.8367258480156,wf2_oos
2026-07-22 15:05:00+00:00,998.8367258480156,wf2_oos
2026-07-22 15:10:00+00:00,998.8367258480156,wf2_oos
2026-07-22 15:15:00+00:00,998.8367258480156,wf2_oos
2026-07-22 15:20:00+00:00,998.8367258480156,wf2_oos
2026-07-22 15:25:00+00:00,998.8367258480156,wf2_oos
2026-07-22 15:30:00+00:00,998.8367258480156,wf2_oos
2026-07-22 15:35:00+00:00,998.8367258480156,wf2_oos
2026-07-22 15:40:00+00:00,998.8367258480156,wf2_oos
2026-07-22 15:45:00+00:00,998.8367258480156,wf2_oos
2026-07-22 15:50:00+00:00,998.8367258480156,wf2_oos
2026-07-22 15:55:00+00:00,998.8367258480156,wf2_oos
2026-07-22 16:00:00+00:00,998.8367258480156,wf2_oos
2026-07-22 16:05:00+00:00,998.8367258480156,wf2_oos
2026-07-22 16:10:00+00:00,998.8367258480156,wf2_oos
2026-07-22 16:15:00+00:00,998.8367258480156,wf2_oos
2026-07-22 16:20:00+00:00,998.8367258480156,wf2_oos
2026-07-22 16:25:00+00:00,998.8367258480156,wf2_oos
2026-07-22 16:30:00+00:00,998.8367258480156,wf2_oos
2026-07-22 16:35:00+00:00,998.8367258480156,wf2_oos
2026-07-22 16:40:00+00:00,998.8367258480156,wf2_oos
2026-07-22 16:45:00+00:00,998.8367258480156,wf2_oos
2026-07-22 16:50:00+00:00,998.8367258480156,wf2_oos
2026-07-22 16:55:00+00:00,998.8367258480156,wf2_oos
2026-07-22 17:00:00+00:00,998.8367258480156,wf2_oos
2026-07-22 17:05:00+00:00,998.8367258480156,wf2_oos
2026-07-22 17:10:00+00:00,998.8367258480156,wf2_oos
2026-07-22 17:15:00+00:00,998.8367258480156,wf2_oos
2026-07-22 17:20:00+00:00,998.8367258480156,wf2_oos
2026-07-22 17:25:00+00:00,998.8367258480156,wf2_oos
2026-07-22 17:30:00+00:00,998.8367258480156,wf2_oos
2026-07-22 17:35:00+00:00,998.8367258480156,wf2_oos
2026-07-22 17:40:00+00:00,998.8367258480156,wf2_oos
2026-07-22 17:45:00+00:00,998.8367258480156,wf2_oos
2026-07-22 17:50:00+00:00,998.8367258480156,wf2_oos
2026-07-22 17:55:00+00:00,998.8367258480156,wf2_oos
2026-07-22 18:00:00+00:00,998.8367258480156,wf2_oos
2026-07-22 18:05:00+00:00,998.8367258480156,wf2_oos
2026-07-22 18:10:00+00:00,998.8367258480156,wf2_oos
2026-07-22 18:15:00+00:00,998.8367258480156,wf2_oos
2026-07-22 18:20:00+00:00,998.8367258480156,wf2_oos
2026-07-22 18:25:00+00:00,998.8367258480156,wf2_oos
2026-07-22 18:30:00+00:00,998.8367258480156,wf2_oos
2026-07-22 18:35:00+00:00,998.8367258480156,wf2_oos
2026-07-22 18:40:00+00:00,998.8367258480156,wf2_oos
2026-07-22 18:45:00+00:00,998.8367258480156,wf2_oos
2026-07-22 18:50:00+00:00,998.8367258480156,wf2_oos
2026-07-22 18:55:00+00:00,998.8367258480156,wf2_oos
2026-07-22 19:00:00+00:00,998.8367258480156,wf2_oos
2026-07-22 19:05:00+00:00,998.8367258480156,wf2_oos
2026-07-22 19:10:00+00:00,998.8367258480156,wf2_oos
2026-07-22 19:15:00+00:00,998.8367258480156,wf2_oos
2026-07-22 19:20:00+00:00,998.8367258480156,wf2_oos
2026-07-22 19:25:00+00:00,998.8367258480156,wf2_oos
2026-07-22 19:30:00+00:00,998.8367258480156,wf2_oos
2026-07-22 19:35:00+00:00,998.8367258480156,wf2_oos
2026-07-22 19:40:00+00:00,998.8367258480156,wf2_oos
2026-07-22 19:45:00+00:00,998.8367258480156,wf2_oos
2026-07-22 19:50:00+00:00,998.8367258480156,wf2_oos
2026-07-22 19:55:00+00:00,998.8367258480156,wf2_oos
2026-07-22 20:00:00+00:00,998.8367258480156,wf2_oos
2026-07-22 20:05:00+00:00,998.8367258480156,wf2_oos
2026-07-22 20:10:00+00:00,998.8367258480156,wf2_oos
2026-07-22 20:15:00+00:00,998.8367258480156,wf2_oos
2026-07-22 20:20:00+00:00,998.8367258480156,wf2_oos
2026-07-22 20:25:00+00:00,998.8367258480156,wf2_oos
2026-07-22 20:30:00+00:00,998.8367258480156,wf2_oos
2026-07-22 20:35:00+00:00,998.8367258480156,wf2_oos
2026-07-22 20:40:00+00:00,998.8367258480156,wf2_oos
2026-07-22 20:45:00+00:00,998.8367258480156,wf2_oos
2026-07-22 20:50:00+00:00,998.8367258480156,wf2_oos
2026-07-22 20:55:00+00:00,998.8367258480156,wf2_oos
2026-07-22 21:00:00+00:00,998.8367258480156,wf2_oos
2026-07-22 21:05:00+00:00,998.8367258480156,wf2_oos
2026-07-22 21:10:00+00:00,998.8367258480156,wf2_oos
2026-07-22 21:15:00+00:00,998.8367258480156,wf2_oos
2026-07-22 21:20:00+00:00,998.8367258480156,wf2_oos
2026-07-22 21:25:00+00:00,998.8367258480156,wf2_oos
2026-07-22 21:30:00+00:00,998.8367258480156,wf3_oos
2026-07-22 21:35:00+00:00,998.8367258480156,wf3_oos
2026-07-22 21:40:00+00:00,998.8367258480156,wf3_oos
2026-07-22 21:45:00+00:00,998.8367258480156,wf3_oos
2026-07-22 21:50:00+00:00,998.8367258480156,wf3_oos
2026-07-22 21:55:00+00:00,998.8367258480156,wf3_oos
2026-07-22 22:00:00+00:00,998.8367258480156,wf3_oos
2026-07-22 22:05:00+00:00,998.8367258480156,wf3_oos
2026-07-22 22:10:00+00:00,998.8367258480156,wf3_oos
2026-07-22 22:15:00+00:00,998.8367258480156,wf3_oos
2026-07-22 22:20:00+00:00,998.8367258480156,wf3_oos
2026-07-22 22:25:00+00:00,998.8367258480156,wf3_oos
2026-07-22 22:30:00+00:00,998.8367258480156,wf3_oos
2026-07-22 22:35:00+00:00,998.8367258480156,wf3_oos
2026-07-22 22:40:00+00:00,998.8367258480156,wf3_oos
2026-07-22 22:45:00+00:00,998.8367258480156,wf3_oos
2026-07-22 22:50:00+00:00,998.8367258480156,wf3_oos
2026-07-22 22:55:00+00:00,998.8367258480156,wf3_oos
2026-07-22 23:00:00+00:00,998.8367258480156,wf3_oos
2026-07-22 23:05:00+00:00,998.8367258480156,wf3_oos
2026-07-22 23:10:00+00:00,998.8367258480156,wf3_oos
2026-07-22 23:15:00+00:00,998.8367258480156,wf3_oos
2026-07-22 23:20:00+00:00,998.8367258480156,wf3_oos
2026-07-22 23:25:00+00:00,998.8367258480156,wf3_oos
2026-07-22 23:30:00+00:00,998.8367258480156,wf3_oos
2026-07-22 23:35:00+00:00,998.8367258480156,wf3_oos
2026-07-22 23:40:00+00:00,998.8367258480156,wf3_oos
2026-07-22 23:45:00+00:00,998.8367258480156,wf3_oos
2026-07-22 23:50:00+00:00,998.8367258480156,wf3_oos
2026-07-22 23:55:00+00:00,998.8367258480156,wf3_oos
2026-07-23 00:00:00+00:00,998.8367258480156,wf3_oos
2026-07-23 00:05:00+00:00,998.8367258480156,wf3_oos
2026-07-23 00:10:00+00:00,998.4740332760585,wf3_oos
2026-07-23 00:15:00+00:00,998.4698097278862,wf3_oos
2026-07-23 00:20:00+00:00,998.8045259205436,wf3_oos
2026-07-23 00:25:00+00:00,998.7217519184162,wf3_oos
2026-07-23 00:30:00+00:00,998.7714917401956,wf3_oos
2026-07-23 00:35:00+00:00,998.5146472169657,wf3_oos
2026-07-23 00:40:00+00:00,998.3053930311775,wf3_oos
2026-07-23 00:45:00+00:00,998.2670417053627,wf3_oos
2026-07-23 00:50:00+00:00,997.9354160250562,wf3_oos
2026-07-23 00:55:00+00:00,997.9354160250562,wf3_oos
2026-07-23 01:00:00+00:00,997.9354160250562,wf3_oos
2026-07-23 01:05:00+00:00,997.9354160250562,wf3_oos
2026-07-23 01:10:00+00:00,997.9354160250562,wf3_oos
2026-07-23 01:15:00+00:00,997.9354160250562,wf3_oos
2026-07-23 01:20:00+00:00,997.9354160250562,wf3_oos
2026-07-23 01:25:00+00:00,997.9354160250562,wf3_oos
2026-07-23 01:30:00+00:00,997.9354160250562,wf3_oos
2026-07-23 01:35:00+00:00,997.9354160250562,wf3_oos
2026-07-23 01:40:00+00:00,997.9354160250562,wf3_oos
2026-07-23 01:45:00+00:00,997.9354160250562,wf3_oos
2026-07-23 01:50:00+00:00,997.9354160250562,wf3_oos
2026-07-23 01:55:00+00:00,997.9354160250562,wf3_oos
2026-07-23 02:00:00+00:00,997.9354160250562,wf3_oos
2026-07-23 02:05:00+00:00,997.9354160250562,wf3_oos
2026-07-23 02:10:00+00:00,997.9354160250562,wf3_oos
2026-07-23 02:15:00+00:00,997.9354160250562,wf3_oos
2026-07-23 02:20:00+00:00,997.9354160250562,wf3_oos
2026-07-23 02:25:00+00:00,997.9354160250562,wf3_oos
2026-07-23 02:30:00+00:00,997.9354160250562,wf3_oos
2026-07-23 02:35:00+00:00,997.9354160250562,wf3_oos
2026-07-23 02:40:00+00:00,997.9354160250562,wf3_oos
2026-07-23 02:45:00+00:00,997.9354160250562,wf3_oos
2026-07-23 02:50:00+00:00,997.9354160250562,wf3_oos
2026-07-23 02:55:00+00:00,997.9354160250562,wf3_oos
2026-07-23 03:00:00+00:00,997.9354160250562,wf3_oos
2026-07-23 03:05:00+00:00,997.9354160250562,wf3_oos
2026-07-23 03:10:00+00:00,997.9354160250562,wf3_oos
2026-07-23 03:15:00+00:00,997.9354160250562,wf3_oos
2026-07-23 03:20:00+00:00,997.9354160250562,wf3_oos
2026-07-23 03:25:00+00:00,997.9354160250562,wf3_oos
2026-07-23 03:30:00+00:00,997.9354160250562,wf3_oos
2026-07-23 03:35:00+00:00,997.9354160250562,wf3_oos
2026-07-23 03:40:00+00:00,997.9354160250562,wf3_oos
2026-07-23 03:45:00+00:00,997.9354160250562,wf3_oos
2026-07-23 03:50:00+00:00,997.9354160250562,wf3_oos
2026-07-23 03:55:00+00:00,997.9354160250562,wf3_oos
2026-07-23 04:00:00+00:00,997.9354160250562,wf3_oos
2026-07-23 04:05:00+00:00,997.9354160250562,wf3_oos
2026-07-23 04:10:00+00:00,997.9354160250562,wf3_oos
2026-07-23 04:15:00+00:00,997.9354160250562,wf3_oos
2026-07-23 04:20:00+00:00,997.9354160250562,wf3_oos
2026-07-23 04:25:00+00:00,997.9354160250562,wf3_oos
2026-07-23 04:30:00+00:00,997.9354160250562,wf3_oos
2026-07-23 04:35:00+00:00,997.9354160250562,wf3_oos
2026-07-23 04:40:00+00:00,997.9354160250562,wf3_oos
2026-07-23 04:45:00+00:00,997.9354160250562,wf3_oos
2026-07-23 04:50:00+00:00,997.9354160250562,wf3_oos
2026-07-23 04:55:00+00:00,997.9354160250562,wf3_oos
2026-07-23 05:00:00+00:00,997.9354160250562,wf3_oos
2026-07-23 05:05:00+00:00,997.9354160250562,wf3_oos
2026-07-23 05:10:00+00:00,997.9354160250562,wf3_oos
2026-07-23 05:15:00+00:00,997.9354160250562,wf3_oos
2026-07-23 05:20:00+00:00,997.9354160250562,wf3_oos
2026-07-23 05:25:00+00:00,997.9354160250562,wf3_oos
2026-07-23 05:30:00+00:00,997.9354160250562,wf3_oos
2026-07-23 05:35:00+00:00,997.9354160250562,wf3_oos
2026-07-23 05:40:00+00:00,997.9354160250562,wf3_oos
2026-07-23 05:45:00+00:00,997.9354160250562,wf3_oos
2026-07-23 05:50:00+00:00,997.9354160250562,wf3_oos
2026-07-23 05:55:00+00:00,997.9354160250562,wf3_oos
2026-07-23 06:00:00+00:00,997.9354160250562,wf3_oos
2026-07-23 06:05:00+00:00,997.9354160250562,wf3_oos
2026-07-23 06:10:00+00:00,997.9354160250562,wf3_oos
2026-07-23 06:15:00+00:00,997.9354160250562,wf3_oos
2026-07-23 06:20:00+00:00,997.9354160250562,wf3_oos
2026-07-23 06:25:00+00:00,997.9354160250562,wf3_oos
2026-07-23 06:30:00+00:00,997.9354160250562,wf3_oos
2026-07-23 06:35:00+00:00,997.9354160250562,wf3_oos
2026-07-23 06:40:00+00:00,997.9354160250562,wf3_oos
2026-07-23 06:45:00+00:00,997.9354160250562,wf3_oos
2026-07-23 06:50:00+00:00,997.9354160250562,wf3_oos
2026-07-23 06:55:00+00:00,997.9354160250562,wf3_oos
2026-07-23 07:00:00+00:00,997.9354160250562,wf3_oos
2026-07-23 07:05:00+00:00,997.9354160250562,wf3_oos
2026-07-23 07:10:00+00:00,997.9354160250562,wf3_oos
2026-07-23 07:15:00+00:00,997.9354160250562,wf3_oos
2026-07-23 07:20:00+00:00,997.9354160250562,wf3_oos
2026-07-23 07:25:00+00:00,997.9354160250562,wf3_oos
2026-07-23 07:30:00+00:00,997.9354160250562,wf3_oos
2026-07-23 07:35:00+00:00,997.9354160250562,wf3_oos
2026-07-23 07:40:00+00:00,997.9354160250562,wf3_oos
2026-07-23 07:45:00+00:00,997.9354160250562,wf3_oos
2026-07-23 07:50:00+00:00,997.9354160250562,wf3_oos
2026-07-23 07:55:00+00:00,997.9354160250562,wf3_oos
2026-07-23 08:00:00+00:00,997.9354160250562,wf3_oos
2026-07-23 08:05:00+00:00,997.9354160250562,wf3_oos
2026-07-23 08:10:00+00:00,997.9354160250562,wf3_oos
2026-07-23 08:15:00+00:00,997.9354160250562,wf3_oos
2026-07-23 08:20:00+00:00,997.9354160250562,wf3_oos
2026-07-23 08:25:00+00:00,997.9354160250562,wf3_oos
2026-07-23 08:30:00+00:00,997.9354160250562,wf3_oos
2026-07-23 08:35:00+00:00,997.9354160250562,wf3_oos
2026-07-23 08:40:00+00:00,997.9354160250562,wf3_oos
2026-07-23 08:45:00+00:00,997.9354160250562,wf3_oos
2026-07-23 08:50:00+00:00,997.9354160250562,wf3_oos
2026-07-23 08:55:00+00:00,997.9354160250562,wf3_oos
2026-07-23 09:00:00+00:00,997.9354160250562,wf3_oos
2026-07-23 09:05:00+00:00,997.9354160250562,wf3_oos
2026-07-23 09:10:00+00:00,997.9354160250562,wf3_oos
2026-07-23 09:15:00+00:00,997.9354160250562,wf3_oos
2026-07-23 09:20:00+00:00,997.9354160250562,wf3_oos
2026-07-23 09:25:00+00:00,997.9354160250562,wf3_oos
2026-07-23 09:30:00+00:00,997.9354160250562,wf3_oos
2026-07-23 09:35:00+00:00,997.9354160250562,wf3_oos
2026-07-23 09:40:00+00:00,997.9354160250562,wf3_oos
2026-07-23 09:45:00+00:00,997.9354160250562,wf3_oos
2026-07-23 09:50:00+00:00,997.9354160250562,wf3_oos
2026-07-23 09:55:00+00:00,997.9354160250562,wf3_oos
2026-07-23 10:00:00+00:00,997.9354160250562,wf3_oos
2026-07-23 10:05:00+00:00,997.9354160250562,wf3_oos
2026-07-23 10:10:00+00:00,997.9354160250562,wf3_oos
2026-07-23 10:15:00+00:00,997.9354160250562,wf3_oos
2026-07-23 10:20:00+00:00,997.9354160250562,wf3_oos
2026-07-23 10:25:00+00:00,997.9354160250562,wf3_oos
2026-07-23 10:30:00+00:00,997.9354160250562,wf3_oos
2026-07-23 10:35:00+00:00,997.9354160250562,wf3_oos
2026-07-23 10:40:00+00:00,997.9354160250562,wf3_oos
2026-07-23 10:45:00+00:00,997.9354160250562,wf3_oos
2026-07-23 10:50:00+00:00,997.9354160250562,wf3_oos
2026-07-23 10:55:00+00:00,997.9354160250562,wf3_oos
2026-07-23 11:00:00+00:00,997.9354160250562,wf3_oos
2026-07-23 11:05:00+00:00,997.9354160250562,wf3_oos
2026-07-23 11:10:00+00:00,997.9354160250562,wf3_oos
2026-07-23 11:15:00+00:00,997.9354160250562,wf3_oos
2026-07-23 11:20:00+00:00,997.9354160250562,wf3_oos
2026-07-23 11:25:00+00:00,997.9354160250562,wf3_oos
2026-07-23 11:30:00+00:00,997.9354160250562,wf3_oos
2026-07-23 11:35:00+00:00,997.9354160250562,wf3_oos
2026-07-23 11:40:00+00:00,997.9354160250562,wf3_oos
2026-07-23 11:45:00+00:00,997.9354160250562,wf3_oos
2026-07-23 11:50:00+00:00,997.9354160250562,wf3_oos
2026-07-23 11:55:00+00:00,997.9354160250562,wf3_oos
2026-07-23 12:00:00+00:00,997.9354160250562,wf3_oos
2026-07-23 12:05:00+00:00,997.9354160250562,wf3_oos
2026-07-23 12:10:00+00:00,997.9354160250562,wf3_oos
2026-07-23 12:15:00+00:00,997.9354160250562,wf3_oos
2026-07-23 12:20:00+00:00,997.9354160250562,wf3_oos
2026-07-23 12:25:00+00:00,997.9354160250562,wf3_oos
2026-07-23 12:30:00+00:00,997.9354160250562,wf3_oos
2026-07-23 12:35:00+00:00,997.9354160250562,wf3_oos
2026-07-23 12:40:00+00:00,997.9354160250562,wf3_oos
2026-07-23 12:45:00+00:00,997.9354160250562,wf3_oos
2026-07-23 12:50:00+00:00,997.9354160250562,wf3_oos
2026-07-23 12:55:00+00:00,997.9354160250562,wf3_oos
2026-07-23 13:00:00+00:00,997.9354160250562,wf3_oos
2026-07-23 13:05:00+00:00,997.9354160250562,wf3_oos
2026-07-23 13:10:00+00:00,997.9354160250562,wf3_oos
2026-07-23 13:15:00+00:00,997.9354160250562,wf3_oos
2026-07-23 13:20:00+00:00,997.9354160250562,wf3_oos
2026-07-23 13:25:00+00:00,997.9354160250562,wf3_oos
2026-07-23 13:30:00+00:00,997.9354160250562,wf3_oos
2026-07-23 13:35:00+00:00,997.9354160250562,wf3_oos
2026-07-23 13:40:00+00:00,997.9354160250562,wf3_oos
2026-07-23 13:45:00+00:00,997.9354160250562,wf3_oos
2026-07-23 13:50:00+00:00,997.9354160250562,wf3_oos
2026-07-23 13:55:00+00:00,997.9354160250562,wf3_oos
2026-07-23 14:00:00+00:00,997.9354160250562,wf3_oos
2026-07-23 14:05:00+00:00,997.9354160250562,wf3_oos
2026-07-23 14:10:00+00:00,997.9354160250562,wf3_oos
2026-07-23 14:15:00+00:00,997.9354160250562,wf4_oos
2026-07-23 14:20:00+00:00,997.9354160250562,wf4_oos
2026-07-23 14:25:00+00:00,997.9354160250562,wf4_oos
2026-07-23 14:30:00+00:00,997.9354160250562,wf4_oos
2026-07-23 14:35:00+00:00,997.9354160250562,wf4_oos
2026-07-23 14:40:00+00:00,997.9354160250562,wf4_oos
2026-07-23 14:45:00+00:00,997.9354160250562,wf4_oos
2026-07-23 14:50:00+00:00,997.9354160250562,wf4_oos
2026-07-23 14:55:00+00:00,997.9354160250562,wf4_oos
2026-07-23 15:00:00+00:00,997.9354160250562,wf4_oos
2026-07-23 15:05:00+00:00,997.9354160250562,wf4_oos
2026-07-23 15:10:00+00:00,997.9354160250562,wf4_oos
2026-07-23 15:15:00+00:00,997.9354160250562,wf4_oos
2026-07-23 15:20:00+00:00,997.9354160250562,wf4_oos
2026-07-23 15:25:00+00:00,997.9354160250562,wf4_oos
2026-07-23 15:30:00+00:00,997.9354160250562,wf4_oos
2026-07-23 15:35:00+00:00,997.9354160250562,wf4_oos
2026-07-23 15:40:00+00:00,997.9354160250562,wf4_oos
2026-07-23 15:45:00+00:00,997.9354160250562,wf4_oos
2026-07-23 15:50:00+00:00,997.9354160250562,wf4_oos
2026-07-23 15:55:00+00:00,997.9354160250562,wf4_oos
2026-07-23 16:00:00+00:00,997.9354160250562,wf4_oos
2026-07-23 16:05:00+00:00,997.9354160250562,wf4_oos
2026-07-23 16:10:00+00:00,997.9354160250562,wf4_oos
2026-07-23 16:15:00+00:00,997.9354160250562,wf4_oos
2026-07-23 16:20:00+00:00,997.9354160250562,wf4_oos
2026-07-23 16:25:00+00:00,997.9354160250562,wf4_oos
2026-07-23 16:30:00+00:00,997.9354160250562,wf4_oos
2026-07-23 16:35:00+00:00,997.9354160250562,wf4_oos
2026-07-23 16:40:00+00:00,997.9354160250562,wf4_oos
2026-07-23 16:45:00+00:00,997.9354160250562,wf4_oos
2026-07-23 16:50:00+00:00,997.9354160250562,wf4_oos
2026-07-23 16:55:00+00:00,997.9354160250562,wf4_oos
2026-07-23 17:00:00+00:00,997.9354160250562,wf4_oos
2026-07-23 17:05:00+00:00,997.9354160250562,wf4_oos
2026-07-23 17:10:00+00:00,997.9354160250562,wf4_oos
2026-07-23 17:15:00+00:00,997.9354160250562,wf4_oos
2026-07-23 17:20:00+00:00,997.9354160250562,wf4_oos
2026-07-23 17:25:00+00:00,997.9354160250562,wf4_oos
2026-07-23 17:30:00+00:00,997.9354160250562,wf4_oos
2026-07-23 17:35:00+00:00,997.9354160250562,wf4_oos
2026-07-23 17:40:00+00:00,997.9354160250562,wf4_oos
2026-07-23 17:45:00+00:00,997.9354160250562,wf4_oos
2026-07-23 17:50:00+00:00,997.9354160250562,wf4_oos
2026-07-23 17:55:00+00:00,997.9354160250562,wf4_oos
2026-07-23 18:00:00+00:00,997.9354160250562,wf4_oos
2026-07-23 18:05:00+00:00,997.9354160250562,wf4_oos
2026-07-23 18:10:00+00:00,997.9354160250562,wf4_oos
2026-07-23 18:15:00+00:00,997.9354160250562,wf4_oos
2026-07-23 18:20:00+00:00,997.9354160250562,wf4_oos
2026-07-23 18:25:00+00:00,997.9354160250562,wf4_oos
2026-07-23 18:30:00+00:00,997.9354160250562,wf4_oos
2026-07-23 18:35:00+00:00,997.9354160250562,wf4_oos
2026-07-23 18:40:00+00:00,997.9354160250562,wf4_oos
2026-07-23 18:45:00+00:00,997.9354160250562,wf4_oos
2026-07-23 18:50:00+00:00,997.9354160250562,wf4_oos
2026-07-23 18:55:00+00:00,997.9354160250562,wf4_oos
2026-07-23 19:00:00+00:00,997.9354160250562,wf4_oos
2026-07-23 19:05:00+00:00,997.9354160250562,wf4_oos
2026-07-23 19:10:00+00:00,997.9354160250562,wf4_oos
2026-07-23 19:15:00+00:00,997.9354160250562,wf4_oos
2026-07-23 19:20:00+00:00,997.9354160250562,wf4_oos
2026-07-23 19:25:00+00:00,997.9354160250562,wf4_oos
2026-07-23 19:30:00+00:00,997.9354160250562,wf4_oos
2026-07-23 19:35:00+00:00,997.9354160250562,wf4_oos
2026-07-23 19:40:00+00:00,997.9354160250562,wf4_oos
2026-07-23 19:45:00+00:00,997.9354160250562,wf4_oos
2026-07-23 19:50:00+00:00,997.9354160250562,wf4_oos
2026-07-23 19:55:00+00:00,997.9354160250562,wf4_oos
2026-07-23 20:00:00+00:00,997.9354160250562,wf4_oos
2026-07-23 20:05:00+00:00,997.9354160250562,wf4_oos
2026-07-23 20:10:00+00:00,997.9354160250562,wf4_oos
2026-07-23 20:15:00+00:00,997.9354160250562,wf4_oos
2026-07-23 20:20:00+00:00,997.9354160250562,wf4_oos
2026-07-23 20:25:00+00:00,997.9354160250562,wf4_oos
2026-07-23 20:30:00+00:00,997.4503707580665,wf4_oos
2026-07-23 20:35:00+00:00,997.4403425679367,wf4_oos
2026-07-23 20:40:00+00:00,997.4688195658625,wf4_oos
2026-07-23 20:45:00+00:00,997.5025020365275,wf4_oos
2026-07-23 20:50:00+00:00,997.5103485211711,wf4_oos
2026-07-23 20:55:00+00:00,997.5576188067066,wf4_oos
2026-07-23 21:00:00+00:00,997.575723134689,wf4_oos
2026-07-23 21:05:00+00:00,997.325707341071,wf4_oos
2026-07-23 21:10:00+00:00,996.9461855243711,wf4_oos
2026-07-23 21:15:00+00:00,996.9461855243711,wf4_oos
2026-07-23 21:20:00+00:00,996.9461855243711,wf4_oos
2026-07-23 21:25:00+00:00,996.9461855243711,wf4_oos
2026-07-23 21:30:00+00:00,996.9461855243711,wf4_oos
2026-07-23 21:35:00+00:00,996.9461855243711,wf4_oos
2026-07-23 21:40:00+00:00,996.9461855243711,wf4_oos
2026-07-23 21:45:00+00:00,996.9461855243711,wf4_oos
2026-07-23 21:50:00+00:00,996.9461855243711,wf4_oos
2026-07-23 21:55:00+00:00,996.9461855243711,wf4_oos
2026-07-23 22:00:00+00:00,996.9461855243711,wf4_oos
2026-07-23 22:05:00+00:00,996.9461855243711,wf4_oos
2026-07-23 22:10:00+00:00,996.9461855243711,wf4_oos
2026-07-23 22:15:00+00:00,996.9461855243711,wf4_oos
2026-07-23 22:20:00+00:00,996.9461855243711,wf4_oos
2026-07-23 22:25:00+00:00,996.9461855243711,wf4_oos
2026-07-23 22:30:00+00:00,996.9461855243711,wf4_oos
2026-07-23 22:35:00+00:00,996.9461855243711,wf4_oos
2026-07-23 22:40:00+00:00,996.9461855243711,wf4_oos
2026-07-23 22:45:00+00:00,996.9461855243711,wf4_oos
2026-07-23 22:50:00+00:00,996.9461855243711,wf4_oos
2026-07-23 22:55:00+00:00,996.9461855243711,wf4_oos
2026-07-23 23:00:00+00:00,996.9461855243711,wf4_oos
2026-07-23 23:05:00+00:00,996.9461855243711,wf4_oos
2026-07-23 23:10:00+00:00,996.9461855243711,wf4_oos
2026-07-23 23:15:00+00:00,996.9461855243711,wf4_oos
2026-07-23 23:20:00+00:00,996.9461855243711,wf4_oos
2026-07-23 23:25:00+00:00,996.9461855243711,wf4_oos
2026-07-23 23:30:00+00:00,996.9461855243711,wf4_oos
2026-07-23 23:35:00+00:00,996.9461855243711,wf4_oos
2026-07-23 23:40:00+00:00,996.9461855243711,wf4_oos
2026-07-23 23:45:00+00:00,996.9461855243711,wf4_oos
2026-07-23 23:50:00+00:00,996.9461855243711,wf4_oos
2026-07-23 23:55:00+00:00,996.9461855243711,wf4_oos
2026-07-24 00:00:00+00:00,996.9461855243711,wf4_oos
2026-07-24 00:05:00+00:00,996.9461855243711,wf4_oos
2026-07-24 00:10:00+00:00,996.9461855243711,wf4_oos
2026-07-24 00:15:00+00:00,996.9461855243711,wf4_oos
2026-07-24 00:20:00+00:00,996.9461855243711,wf4_oos
2026-07-24 00:25:00+00:00,996.9461855243711,wf4_oos
2026-07-24 00:30:00+00:00,996.9461855243711,wf4_oos
2026-07-24 00:35:00+00:00,996.9461855243711,wf4_oos
2026-07-24 00:40:00+00:00,996.9461855243711,wf4_oos
2026-07-24 00:45:00+00:00,996.9461855243711,wf4_oos
2026-07-24 00:50:00+00:00,996.9461855243711,wf4_oos
2026-07-24 00:55:00+00:00,996.9461855243711,wf4_oos
2026-07-24 01:00:00+00:00,996.9461855243711,wf4_oos
2026-07-24 01:05:00+00:00,996.9461855243711,wf4_oos
2026-07-24 01:10:00+00:00,996.9461855243711,wf4_oos
2026-07-24 01:15:00+00:00,996.9461855243711,wf4_oos
2026-07-24 01:20:00+00:00,996.9461855243711,wf4_oos
2026-07-24 01:25:00+00:00,996.9461855243711,wf4_oos
2026-07-24 01:30:00+00:00,996.9461855243711,wf4_oos
2026-07-24 01:35:00+00:00,996.9461855243711,wf4_oos
2026-07-24 01:40:00+00:00,996.9461855243711,wf4_oos
2026-07-24 01:45:00+00:00,996.9461855243711,wf4_oos
2026-07-24 01:50:00+00:00,996.9461855243711,wf4_oos
2026-07-24 01:55:00+00:00,996.9461855243711,wf4_oos
2026-07-24 02:00:00+00:00,996.9461855243711,wf4_oos
2026-07-24 02:05:00+00:00,996.9461855243711,wf4_oos
2026-07-24 02:10:00+00:00,996.9461855243711,wf4_oos
2026-07-24 02:15:00+00:00,996.9461855243711,wf4_oos
2026-07-24 02:20:00+00:00,996.9461855243711,wf4_oos
2026-07-24 02:25:00+00:00,996.9461855243711,wf4_oos
2026-07-24 02:30:00+00:00,996.9461855243711,wf4_oos
2026-07-24 02:35:00+00:00,996.9461855243711,wf4_oos
2026-07-24 02:40:00+00:00,996.9461855243711,wf4_oos
2026-07-24 02:45:00+00:00,996.9461855243711,wf4_oos
2026-07-24 02:50:00+00:00,996.9461855243711,wf4_oos
2026-07-24 02:55:00+00:00,996.9461855243711,wf4_oos
2026-07-24 03:00:00+00:00,996.9461855243711,wf4_oos
2026-07-24 03:05:00+00:00,996.9461855243711,wf4_oos
2026-07-24 03:10:00+00:00,996.9461855243711,wf4_oos
2026-07-24 03:15:00+00:00,996.9461855243711,wf4_oos
2026-07-24 03:20:00+00:00,996.9461855243711,wf4_oos
2026-07-24 03:25:00+00:00,996.9461855243711,wf4_oos
2026-07-24 03:30:00+00:00,996.9461855243711,wf4_oos
2026-07-24 03:35:00+00:00,996.9461855243711,wf4_oos
2026-07-24 03:40:00+00:00,996.9461855243711,wf4_oos
2026-07-24 03:45:00+00:00,996.9461855243711,wf4_oos
2026-07-24 03:50:00+00:00,996.9461855243711,wf4_oos
2026-07-24 03:55:00+00:00,996.9461855243711,wf4_oos
2026-07-24 04:00:00+00:00,996.9461855243711,wf4_oos
2026-07-24 04:05:00+00:00,996.9461855243711,wf4_oos
2026-07-24 04:10:00+00:00,996.9461855243711,wf4_oos
2026-07-24 04:15:00+00:00,996.9461855243711,wf4_oos
2026-07-24 04:20:00+00:00,996.9461855243711,wf4_oos
2026-07-24 04:25:00+00:00,996.9461855243711,wf4_oos
2026-07-24 04:30:00+00:00,996.9461855243711,wf4_oos
2026-07-24 04:35:00+00:00,996.9461855243711,wf4_oos
2026-07-24 04:40:00+00:00,996.9461855243711,wf4_oos
2026-07-24 04:45:00+00:00,996.9461855243711,wf4_oos
2026-07-24 04:50:00+00:00,996.9461855243711,wf4_oos
2026-07-24 04:55:00+00:00,996.9461855243711,wf4_oos
2026-07-24 05:00:00+00:00,996.9461855243711,wf4_oos
2026-07-24 05:05:00+00:00,996.9461855243711,wf4_oos
2026-07-24 05:10:00+00:00,996.9461855243711,wf4_oos
2026-07-24 05:15:00+00:00,996.9461855243711,wf4_oos
2026-07-24 05:20:00+00:00,996.9461855243711,wf4_oos
2026-07-24 05:25:00+00:00,996.9461855243711,wf4_oos
2026-07-24 05:30:00+00:00,996.9461855243711,wf4_oos
2026-07-24 05:35:00+00:00,996.9461855243711,wf4_oos
2026-07-24 05:40:00+00:00,996.9461855243711,wf4_oos
2026-07-24 05:45:00+00:00,996.9461855243711,wf4_oos
2026-07-24 05:50:00+00:00,996.9461855243711,wf4_oos
2026-07-24 05:55:00+00:00,996.9461855243711,wf4_oos
2026-07-24 06:00:00+00:00,996.9461855243711,wf4_oos
2026-07-24 06:05:00+00:00,996.9461855243711,wf4_oos
2026-07-24 06:10:00+00:00,996.9461855243711,wf4_oos
2026-07-24 06:15:00+00:00,996.9461855243711,wf4_oos
2026-07-24 06:20:00+00:00,996.9461855243711,wf4_oos
2026-07-24 06:25:00+00:00,996.9461855243711,wf4_oos
2026-07-24 06:30:00+00:00,996.9461855243711,wf4_oos
2026-07-24 06:35:00+00:00,996.9461855243711,wf4_oos
2026-07-24 06:40:00+00:00,996.9461855243711,wf4_oos
2026-07-24 06:45:00+00:00,996.9461855243711,wf4_oos
2026-07-24 06:50:00+00:00,996.9461855243711,wf4_oos
2026-07-24 06:55:00+00:00,996.9461855243711,wf4_oos
2026-07-24 07:00:00+00:00,996.9461855243711,wf5_oos
2026-07-24 07:05:00+00:00,996.9461855243711,wf5_oos
2026-07-24 07:10:00+00:00,996.9461855243711,wf5_oos
2026-07-24 07:15:00+00:00,996.4807724255045,wf5_oos
2026-07-24 07:20:00+00:00,996.0195901938913,wf5_oos
2026-07-24 07:25:00+00:00,996.0195901938913,wf5_oos
2026-07-24 07:30:00+00:00,996.0195901938913,wf5_oos
2026-07-24 07:35:00+00:00,996.0195901938913,wf5_oos
2026-07-24 07:40:00+00:00,996.0195901938913,wf5_oos
2026-07-24 07:45:00+00:00,996.0195901938913,wf5_oos
2026-07-24 07:50:00+00:00,996.0195901938913,wf5_oos
2026-07-24 07:55:00+00:00,996.0195901938913,wf5_oos
2026-07-24 08:00:00+00:00,996.0195901938913,wf5_oos
2026-07-24 08:05:00+00:00,996.0195901938913,wf5_oos
2026-07-24 08:10:00+00:00,996.0195901938913,wf5_oos
2026-07-24 08:15:00+00:00,996.0195901938913,wf5_oos
2026-07-24 08:20:00+00:00,996.0195901938913,wf5_oos
2026-07-24 08:25:00+00:00,996.0195901938913,wf5_oos
2026-07-24 08:30:00+00:00,996.0195901938913,wf5_oos
2026-07-24 08:35:00+00:00,996.0195901938913,wf5_oos
2026-07-24 08:40:00+00:00,996.0195901938913,wf5_oos
2026-07-24 08:45:00+00:00,996.0195901938913,wf5_oos
2026-07-24 08:50:00+00:00,996.0195901938913,wf5_oos
2026-07-24 08:55:00+00:00,996.0195901938913,wf5_oos
2026-07-24 09:00:00+00:00,996.0195901938913,wf5_oos
2026-07-24 09:05:00+00:00,996.0195901938913,wf5_oos
2026-07-24 09:10:00+00:00,996.0195901938913,wf5_oos
2026-07-24 09:15:00+00:00,996.0195901938913,wf5_oos
2026-07-24 09:20:00+00:00,996.0195901938913,wf5_oos
2026-07-24 09:25:00+00:00,996.0195901938913,wf5_oos
2026-07-24 09:30:00+00:00,996.0195901938913,wf5_oos
2026-07-24 09:35:00+00:00,996.0195901938913,wf5_oos
2026-07-24 09:40:00+00:00,996.0195901938913,wf5_oos
2026-07-24 09:45:00+00:00,996.0195901938913,wf5_oos
2026-07-24 09:50:00+00:00,996.0195901938913,wf5_oos
2026-07-24 09:55:00+00:00,996.0195901938913,wf5_oos
2026-07-24 10:00:00+00:00,996.0195901938913,wf5_oos
2026-07-24 10:05:00+00:00,996.0195901938913,wf5_oos
2026-07-24 10:10:00+00:00,996.0195901938913,wf5_oos
2026-07-24 10:15:00+00:00,996.0195901938913,wf5_oos
2026-07-24 10:20:00+00:00,996.0195901938913,wf5_oos
2026-07-24 10:25:00+00:00,996.0195901938913,wf5_oos
2026-07-24 10:30:00+00:00,996.0195901938913,wf5_oos
2026-07-24 10:35:00+00:00,996.0195901938913,wf5_oos
2026-07-24 10:40:00+00:00,996.0195901938913,wf5_oos
2026-07-24 10:45:00+00:00,996.0195901938913,wf5_oos
2026-07-24 10:50:00+00:00,996.0195901938913,wf5_oos
2026-07-24 10:55:00+00:00,996.0195901938913,wf5_oos
2026-07-24 11:00:00+00:00,996.0195901938913,wf5_oos
2026-07-24 11:05:00+00:00,996.0195901938913,wf5_oos
2026-07-24 11:10:00+00:00,996.0195901938913,wf5_oos
2026-07-24 11:15:00+00:00,996.0195901938913,wf5_oos
2026-07-24 11:20:00+00:00,996.0195901938913,wf5_oos
2026-07-24 11:25:00+00:00,996.0195901938913,wf5_oos
2026-07-24 11:30:00+00:00,996.0195901938913,wf5_oos
2026-07-24 11:35:00+00:00,996.0195901938913,wf5_oos
2026-07-24 11:40:00+00:00,996.0195901938913,wf5_oos
2026-07-24 11:45:00+00:00,996.0195901938913,wf5_oos
2026-07-24 11:50:00+00:00,996.0195901938913,wf5_oos
2026-07-24 11:55:00+00:00,996.0195901938913,wf5_oos
2026-07-24 12:00:00+00:00,996.0195901938913,wf5_oos
2026-07-24 12:05:00+00:00,996.0195901938913,wf5_oos
2026-07-24 12:10:00+00:00,996.0195901938913,wf5_oos
2026-07-24 12:15:00+00:00,996.0195901938913,wf5_oos
2026-07-24 12:20:00+00:00,996.0195901938913,wf5_oos
2026-07-24 12:25:00+00:00,996.0195901938913,wf5_oos
2026-07-24 12:30:00+00:00,996.0195901938913,wf5_oos
2026-07-24 12:35:00+00:00,996.0195901938913,wf5_oos
2026-07-24 12:40:00+00:00,996.0195901938913,wf5_oos
2026-07-24 12:45:00+00:00,996.0195901938913,wf5_oos
2026-07-24 12:50:00+00:00,996.0195901938913,wf5_oos
2026-07-24 12:55:00+00:00,996.0195901938913,wf5_oos
2026-07-24 13:00:00+00:00,996.0195901938913,wf5_oos
2026-07-24 13:05:00+00:00,996.0195901938913,wf5_oos
2026-07-24 13:10:00+00:00,996.0195901938913,wf5_oos
2026-07-24 13:15:00+00:00,996.0195901938913,wf5_oos
2026-07-24 13:20:00+00:00,996.0195901938913,wf5_oos
2026-07-24 13:25:00+00:00,996.0195901938913,wf5_oos
2026-07-24 13:30:00+00:00,996.0195901938913,wf5_oos
2026-07-24 13:35:00+00:00,996.0195901938913,wf5_oos
2026-07-24 13:40:00+00:00,996.0195901938913,wf5_oos
2026-07-24 13:45:00+00:00,996.0195901938913,wf5_oos
2026-07-24 13:50:00+00:00,996.0195901938913,wf5_oos
2026-07-24 13:55:00+00:00,996.0195901938913,wf5_oos
2026-07-24 14:00:00+00:00,996.0195901938913,wf5_oos
2026-07-24 14:05:00+00:00,996.0195901938913,wf5_oos
2026-07-24 14:10:00+00:00,996.0195901938913,wf5_oos
2026-07-24 14:15:00+00:00,996.0195901938913,wf5_oos
2026-07-24 14:20:00+00:00,996.0195901938913,wf5_oos
2026-07-24 14:25:00+00:00,996.0195901938913,wf5_oos
2026-07-24 14:30:00+00:00,996.0195901938913,wf5_oos
2026-07-24 14:35:00+00:00,996.0195901938913,wf5_oos
2026-07-24 14:40:00+00:00,996.0195901938913,wf5_oos
2026-07-24 14:45:00+00:00,996.0195901938913,wf5_oos
2026-07-24 14:50:00+00:00,996.0195901938913,wf5_oos
2026-07-24 14:55:00+00:00,996.0195901938913,wf5_oos
2026-07-24 15:00:00+00:00,996.0195901938913,wf5_oos
2026-07-24 15:05:00+00:00,996.0195901938913,wf5_oos
2026-07-24 15:10:00+00:00,996.0195901938913,wf5_oos
2026-07-24 15:15:00+00:00,996.0195901938913,wf5_oos
2026-07-24 15:20:00+00:00,996.0195901938913,wf5_oos
2026-07-24 15:25:00+00:00,996.0195901938913,wf5_oos
2026-07-24 15:30:00+00:00,996.0195901938913,wf5_oos
2026-07-24 15:35:00+00:00,996.0195901938913,wf5_oos
2026-07-24 15:40:00+00:00,996.0195901938913,wf5_oos
2026-07-24 15:45:00+00:00,996.0195901938913,wf5_oos
2026-07-24 15:50:00+00:00,996.0195901938913,wf5_oos
2026-07-24 15:55:00+00:00,996.0195901938913,wf5_oos
2026-07-24 16:00:00+00:00,996.0195901938913,wf5_oos
2026-07-24 16:05:00+00:00,996.0195901938913,wf5_oos
2026-07-24 16:10:00+00:00,996.0195901938913,wf5_oos
2026-07-24 16:15:00+00:00,996.0195901938913,wf5_oos
2026-07-24 16:20:00+00:00,996.0195901938913,wf5_oos
2026-07-24 16:25:00+00:00,996.0195901938913,wf5_oos
2026-07-24 16:30:00+00:00,996.0195901938913,wf5_oos
2026-07-24 16:35:00+00:00,996.0195901938913,wf5_oos
2026-07-24 16:40:00+00:00,996.0195901938913,wf5_oos
2026-07-24 16:45:00+00:00,996.0195901938913,wf5_oos
2026-07-24 16:50:00+00:00,996.0195901938913,wf5_oos
2026-07-24 16:55:00+00:00,996.0195901938913,wf5_oos
2026-07-24 17:00:00+00:00,996.0195901938913,wf5_oos
2026-07-24 17:05:00+00:00,996.0195901938913,wf5_oos
2026-07-24 17:10:00+00:00,996.0195901938913,wf5_oos
2026-07-24 17:15:00+00:00,996.0195901938913,wf5_oos
2026-07-24 17:20:00+00:00,996.0195901938913,wf5_oos
2026-07-24 17:25:00+00:00,996.0195901938913,wf5_oos
2026-07-24 17:30:00+00:00,996.0195901938913,wf5_oos
2026-07-24 17:35:00+00:00,996.0195901938913,wf5_oos
2026-07-24 17:40:00+00:00,996.0195901938913,wf5_oos
2026-07-24 17:45:00+00:00,996.0195901938913,wf5_oos
2026-07-24 17:50:00+00:00,996.0195901938913,wf5_oos
2026-07-24 17:55:00+00:00,996.0195901938913,wf5_oos
2026-07-24 18:00:00+00:00,996.0195901938913,wf5_oos
2026-07-24 18:05:00+00:00,996.0195901938913,wf5_oos
2026-07-24 18:10:00+00:00,996.0195901938913,wf5_oos
2026-07-24 18:15:00+00:00,996.0195901938913,wf5_oos
2026-07-24 18:20:00+00:00,996.0195901938913,wf5_oos
2026-07-24 18:25:00+00:00,996.0195901938913,wf5_oos
2026-07-24 18:30:00+00:00,996.0195901938913,wf5_oos
2026-07-24 18:35:00+00:00,996.0195901938913,wf5_oos
2026-07-24 18:40:00+00:00,996.0195901938913,wf5_oos
2026-07-24 18:45:00+00:00,996.0195901938913,wf5_oos
2026-07-24 18:50:00+00:00,996.0195901938913,wf5_oos
2026-07-24 18:55:00+00:00,996.0195901938913,wf5_oos
2026-07-24 19:00:00+00:00,996.0195901938913,wf5_oos
2026-07-24 19:05:00+00:00,996.0195901938913,wf5_oos
2026-07-24 19:10:00+00:00,996.0195901938913,wf5_oos
2026-07-24 19:15:00+00:00,996.0195901938913,wf5_oos
2026-07-24 19:20:00+00:00,996.0195901938913,wf5_oos
2026-07-24 19:25:00+00:00,996.0195901938913,wf5_oos
2026-07-24 19:30:00+00:00,996.0195901938913,wf5_oos
2026-07-24 19:35:00+00:00,996.0195901938913,wf5_oos
2026-07-24 19:40:00+00:00,996.0195901938913,wf5_oos
2026-07-24 19:45:00+00:00,996.0195901938913,wf5_oos
2026-07-24 19:50:00+00:00,996.0195901938913,wf5_oos
2026-07-24 19:55:00+00:00,996.0195901938913,wf5_oos
2026-07-24 20:00:00+00:00,996.0195901938913,wf5_oos
2026-07-24 20:05:00+00:00,996.0195901938913,wf5_oos
2026-07-24 20:10:00+00:00,996.0195901938913,wf5_oos
2026-07-24 20:15:00+00:00,996.0195901938913,wf5_oos
2026-07-24 20:20:00+00:00,996.0195901938913,wf5_oos
2026-07-24 20:25:00+00:00,996.0195901938913,wf5_oos
2026-07-24 20:30:00+00:00,996.0195901938913,wf5_oos
2026-07-24 20:35:00+00:00,996.0195901938913,wf5_oos
2026-07-24 20:40:00+00:00,996.0195901938913,wf5_oos
2026-07-24 20:45:00+00:00,996.0195901938913,wf5_oos
2026-07-24 20:50:00+00:00,996.0195901938913,wf5_oos
2026-07-24 20:55:00+00:00,996.0195901938913,wf5_oos
2026-07-24 21:00:00+00:00,996.0195901938913,wf5_oos
2026-07-24 21:05:00+00:00,996.0195901938913,wf5_oos
2026-07-24 21:10:00+00:00,996.0195901938913,wf5_oos
2026-07-24 21:15:00+00:00,996.0195901938913,wf5_oos
2026-07-24 21:20:00+00:00,996.0195901938913,wf5_oos
2026-07-24 21:25:00+00:00,996.0195901938913,wf5_oos
2026-07-24 21:30:00+00:00,996.0195901938913,wf5_oos
2026-07-24 21:35:00+00:00,996.0195901938913,wf5_oos
2026-07-24 21:40:00+00:00,996.0195901938913,wf5_oos
2026-07-24 21:45:00+00:00,996.0195901938913,wf5_oos
2026-07-24 21:50:00+00:00,996.0195901938913,wf5_oos
2026-07-24 21:55:00+00:00,996.0195901938913,wf5_oos
2026-07-24 22:00:00+00:00,996.0195901938913,wf5_oos
2026-07-24 22:05:00+00:00,996.0195901938913,wf5_oos
2026-07-24 22:10:00+00:00,996.0195901938913,wf5_oos
2026-07-24 22:15:00+00:00,996.0195901938913,wf5_oos
2026-07-24 22:20:00+00:00,996.0195901938913,wf5_oos
2026-07-24 22:25:00+00:00,996.0195901938913,wf5_oos
2026-07-24 22:30:00+00:00,996.0195901938913,wf5_oos
2026-07-24 22:35:00+00:00,996.0195901938913,wf5_oos
2026-07-24 22:40:00+00:00,996.0195901938913,wf5_oos
2026-07-24 22:45:00+00:00,996.0195901938913,wf5_oos
2026-07-24 22:50:00+00:00,996.0195901938913,wf5_oos
2026-07-24 22:55:00+00:00,996.0195901938913,wf5_oos
2026-07-24 23:00:00+00:00,996.0195901938913,wf5_oos
2026-07-24 23:05:00+00:00,996.0195901938913,wf5_oos
2026-07-24 23:10:00+00:00,996.0195901938913,wf5_oos
2026-07-24 23:15:00+00:00,996.0195901938913,wf5_oos
2026-07-24 23:20:00+00:00,996.0195901938913,wf5_oos
2026-07-24 23:25:00+00:00,996.0195901938913,wf5_oos
2026-07-24 23:30:00+00:00,996.0195901938913,wf5_oos
2026-07-24 23:35:00+00:00,996.0195901938913,wf5_oos
2026-07-24 23:40:00+00:00,996.0195901938913,wf5_oos
2026-07-24 23:45:00+00:00,996.0195901938913,wf5_oos
2026-07-24 23:50:00+00:00,996.0195901938913,wf5_oos
2026-07-24 23:55:00+00:00,996.0195901938913,wf5_oos
